age,weight,height,exercise,sleep,sugar_intake,smoking,alcohol,married,profession,bmi,health_risk
19,94,181,medium,4.9,medium,no,yes,yes,student,28.7,high
45,86,161,medium,6.9,low,no,no,no,driver,33.2,low
31,102,166,high,10.0,medium,no,no,no,engineer,37.0,low
51,66,196,high,6.7,medium,no,yes,no,engineer,17.2,high
61,109,147,low,7.1,medium,no,no,yes,farmer,50.4,high
32,97,153,low,7.2,medium,no,no,yes,engineer,41.4,high
36,48,150,none,5.9,high,no,yes,yes,artist,21.3,high
41,51,182,low,7.0,low,no,yes,yes,office_worker,15.4,low
46,69,194,high,5.8,high,no,no,no,teacher,18.3,low
34,106,183,low,6.8,medium,no,yes,yes,artist,31.7,high
25,50,165,medium,7.4,low,no,no,no,doctor,18.4,low
47,70,156,low,7.1,medium,no,no,yes,teacher,28.8,high
77,87,145,medium,5.6,high,no,no,yes,office_worker,41.4,high
75,106,185,medium,6.7,low,no,yes,yes,office_worker,31.0,high
74,108,186,none,7.6,high,no,no,yes,artist,31.2,high
75,55,168,medium,6.5,low,no,no,no,teacher,19.5,low
40,57,191,medium,5.9,medium,no,no,no,artist,15.6,low
33,77,191,low,6.9,medium,no,no,no,engineer,21.1,low
46,73,190,high,8.7,low,no,no,yes,office_worker,20.2,low
51,102,154,low,4.5,medium,no,no,yes,doctor,43.0,high
31,80,195,none,7.7,high,yes,no,yes,student,21.0,high
66,46,176,low,8.5,medium,yes,no,no,farmer,14.9,high
22,76,150,none,8.0,medium,yes,yes,no,doctor,33.8,high
63,89,179,high,8.3,low,no,no,yes,artist,27.8,high
78,76,180,medium,7.6,high,no,no,yes,student,23.5,high
40,92,171,none,8.7,high,no,no,yes,student,31.5,high
54,92,162,medium,4.3,medium,no,no,yes,doctor,35.1,high
20,95,199,medium,7.5,medium,no,no,yes,student,24.0,low
43,71,194,low,5.2,low,no,yes,yes,driver,18.9,high
20,50,168,medium,6.8,medium,no,no,no,teacher,17.7,low
34,89,199,none,7.2,medium,no,no,no,doctor,22.5,low
55,87,185,none,5.8,medium,no,no,yes,driver,25.4,high
35,87,174,high,7.5,high,no,no,yes,engineer,28.7,high
22,55,169,medium,7.5,medium,no,no,no,student,19.3,low
20,92,165,high,8.2,medium,yes,no,no,artist,33.8,high
78,52,156,none,7.1,low,yes,yes,yes,driver,21.4,high
61,103,187,none,5.4,low,no,yes,no,doctor,29.5,high
42,70,188,high,8.0,low,no,no,yes,office_worker,19.8,low
64,105,157,low,6.2,medium,no,no,no,engineer,42.6,high
28,100,146,low,6.8,low,no,no,yes,office_worker,46.9,high
29,93,192,medium,6.8,medium,no,no,yes,doctor,25.2,low
38,56,191,high,9.1,high,no,no,yes,doctor,15.4,low
38,85,164,low,9.1,medium,no,no,no,driver,31.6,high
31,69,189,low,7.4,low,no,no,yes,teacher,19.3,low
57,105,173,medium,6.7,medium,no,yes,yes,doctor,35.1,high
75,106,145,medium,7.4,medium,no,yes,no,teacher,50.4,high
70,91,151,high,6.7,medium,no,no,yes,driver,39.9,high
45,95,173,high,7.3,high,no,yes,yes,farmer,31.7,high
79,47,183,high,6.4,high,no,no,no,doctor,14.0,high
62,95,156,medium,6.7,medium,yes,no,yes,farmer,39.0,high
45,57,182,medium,9.3,low,no,no,yes,office_worker,17.2,low
53,72,173,high,10.0,medium,yes,yes,yes,artist,24.1,high
35,84,149,medium,8.3,low,no,yes,no,artist,37.8,high
70,64,195,high,7.3,low,no,yes,no,student,16.8,high
20,107,170,none,7.1,medium,yes,no,yes,engineer,37.0,high
35,106,146,medium,6.7,medium,no,yes,no,teacher,49.7,high
59,84,199,medium,6.2,low,no,yes,no,doctor,21.2,high
57,76,152,medium,5.4,medium,no,no,yes,doctor,32.9,high
68,96,173,low,7.2,medium,no,no,yes,engineer,32.1,high
70,79,151,medium,6.4,high,no,no,no,student,34.6,high
74,64,184,high,9.7,medium,no,no,no,teacher,18.9,low
21,88,158,low,7.6,medium,no,no,yes,farmer,35.3,high
63,54,190,none,7.0,low,no,no,no,teacher,15.0,high
23,82,187,low,4.4,low,no,yes,no,student,23.4,high
41,101,166,high,8.2,medium,no,yes,no,doctor,36.7,high
71,55,197,medium,7.7,high,yes,no,yes,teacher,14.2,high
36,49,182,low,4.5,medium,no,no,yes,driver,14.8,low
30,86,177,low,6.2,medium,yes,no,yes,student,27.5,high
19,97,171,medium,7.5,medium,no,yes,no,office_worker,33.2,high
65,100,149,medium,7.6,high,yes,no,yes,farmer,45.0,high
56,96,157,medium,6.8,medium,no,no,no,farmer,38.9,high
53,100,182,medium,8.5,low,no,no,yes,engineer,30.2,high
37,99,161,medium,10.0,low,no,yes,yes,office_worker,38.2,high
70,67,180,low,5.5,high,no,no,yes,driver,20.7,high
38,54,158,low,7.1,low,no,yes,no,office_worker,21.6,low
78,45,198,high,6.1,high,no,yes,yes,engineer,11.5,high
19,89,184,none,5.7,medium,yes,no,yes,student,26.3,high
51,100,150,medium,7.5,medium,no,no,no,teacher,44.4,high
29,51,156,medium,6.0,low,no,no,no,farmer,21.0,low
73,106,160,high,7.1,high,no,no,no,doctor,41.4,high
40,84,148,medium,8.1,low,no,no,yes,office_worker,38.3,low
22,99,171,low,9.5,medium,yes,no,no,doctor,33.9,high
51,45,146,high,6.7,low,yes,no,yes,engineer,21.1,high
66,98,173,medium,8.7,medium,no,no,yes,driver,32.7,high
25,83,189,medium,7.0,medium,no,no,no,artist,23.2,low
43,56,150,medium,6.9,medium,no,yes,no,artist,24.9,low
72,50,174,none,4.9,high,no,no,yes,farmer,16.5,high
79,55,179,medium,5.5,low,no,no,no,student,17.2,high
71,68,193,high,4.9,medium,no,no,yes,student,18.3,high
53,52,155,low,5.5,high,no,no,yes,office_worker,21.6,high
77,46,145,none,6.1,low,no,no,no,office_worker,21.9,high
29,48,166,low,10.0,medium,yes,yes,no,student,17.4,high
26,57,156,high,7.6,low,no,no,no,artist,23.4,low
67,97,172,high,5.6,low,no,no,yes,artist,32.8,high
59,92,161,low,7.8,medium,no,no,no,doctor,35.5,high
70,87,188,medium,6.9,medium,no,yes,yes,farmer,24.6,high
75,55,173,none,9.5,medium,no,yes,no,student,18.4,high
76,83,146,high,6.7,medium,no,no,yes,doctor,38.9,high
25,46,156,none,9.2,medium,no,no,no,farmer,18.9,low
68,101,164,medium,4.0,low,no,yes,yes,farmer,37.6,high
55,103,150,none,10.0,medium,no,no,yes,driver,45.8,high
40,52,190,low,5.3,medium,yes,no,yes,office_worker,14.4,high
52,89,161,medium,4.5,low,yes,no,yes,driver,34.3,high
70,47,166,medium,5.6,medium,yes,no,no,doctor,17.1,high
23,86,154,medium,5.4,low,yes,yes,yes,engineer,36.3,high
71,66,169,low,8.5,low,no,no,no,doctor,23.1,high
37,52,162,medium,7.6,medium,no,no,yes,driver,19.8,low
19,94,162,medium,6.5,medium,no,no,yes,student,35.8,low
66,62,147,high,7.2,medium,no,no,no,farmer,28.7,high
52,103,156,high,9.5,medium,yes,no,yes,teacher,42.3,high
32,57,160,medium,5.3,medium,yes,no,yes,doctor,22.3,high
57,101,197,low,6.9,low,no,no,yes,doctor,26.0,high
53,74,188,low,6.9,high,yes,yes,no,artist,20.9,high
78,74,175,high,7.5,medium,yes,no,no,office_worker,24.2,high
64,56,181,medium,8.1,low,no,no,no,doctor,17.1,low
75,61,170,none,6.7,low,no,yes,no,driver,21.1,high
23,103,147,low,10.0,low,no,no,yes,office_worker,47.7,high
44,87,174,medium,5.1,medium,no,no,yes,artist,28.7,high
46,85,185,none,7.7,medium,no,no,yes,doctor,24.8,low
26,104,194,medium,8.1,low,no,yes,no,office_worker,27.6,high
71,106,149,low,6.1,high,no,no,yes,artist,47.7,high
65,51,182,none,6.9,medium,yes,no,no,doctor,15.4,high
21,59,167,medium,7.7,low,no,yes,yes,doctor,21.2,low
23,66,199,medium,4.9,medium,no,yes,yes,student,16.7,low
61,69,150,medium,6.5,low,no,no,no,driver,30.7,high
36,71,180,medium,6.2,high,yes,no,yes,artist,21.9,high
35,104,166,none,5.1,medium,no,yes,no,engineer,37.7,high
25,83,190,low,7.6,medium,no,no,yes,driver,23.0,low
75,60,163,medium,7.7,low,yes,no,yes,driver,22.6,high
73,105,175,low,6.6,low,no,no,yes,doctor,34.3,high
25,93,146,low,9.4,high,no,no,no,student,43.6,high
26,69,172,low,6.9,low,yes,no,yes,teacher,23.3,high
72,91,161,medium,6.1,medium,no,no,no,farmer,35.1,high
75,83,197,high,9.4,medium,no,no,no,doctor,21.4,low
77,94,167,low,6.7,medium,no,no,yes,office_worker,33.7,high
30,100,158,low,5.1,medium,no,no,yes,doctor,40.1,high
49,85,174,high,3.7,medium,no,no,no,student,28.1,high
34,102,173,medium,6.8,high,yes,yes,no,artist,34.1,high
22,97,185,low,7.7,low,no,no,yes,farmer,28.3,high
74,69,188,low,7.9,medium,no,no,no,engineer,19.5,high
20,68,185,high,9.0,medium,no,no,yes,office_worker,19.9,low
39,67,174,medium,8.6,low,no,no,no,farmer,22.1,low
26,94,174,medium,6.8,medium,no,no,no,artist,31.0,low
30,46,198,medium,5.9,medium,yes,yes,yes,doctor,11.7,high
29,48,151,none,5.6,high,no,yes,no,teacher,21.1,high
30,89,182,medium,10.0,high,no,no,yes,office_worker,26.9,high
39,80,189,high,7.5,low,no,no,yes,engineer,22.4,low
66,51,154,none,6.5,low,no,no,yes,driver,21.5,high
35,97,170,low,5.3,medium,yes,no,no,artist,33.6,high
42,52,160,high,5.2,medium,no,no,yes,doctor,20.3,low
60,67,158,medium,7.7,low,no,no,yes,driver,26.8,high
62,85,150,low,7.5,medium,no,no,no,student,37.8,high
66,95,187,low,9.8,medium,no,no,yes,engineer,27.2,high
57,106,146,high,9.8,medium,no,no,no,office_worker,49.7,high
56,58,158,medium,9.6,medium,no,no,yes,office_worker,23.2,low
28,62,155,low,8.4,medium,no,no,no,doctor,25.8,high
30,109,157,medium,4.3,medium,no,no,yes,office_worker,44.2,high
61,68,197,none,6.0,medium,no,no,yes,doctor,17.5,high
52,99,160,low,3.7,medium,no,yes,no,farmer,38.7,high
24,45,158,medium,5.5,low,yes,no,yes,artist,18.0,high
51,68,183,low,6.0,medium,yes,no,yes,doctor,20.3,high
67,79,167,medium,8.6,high,yes,yes,no,doctor,28.3,high
68,55,187,medium,6.9,low,no,no,no,farmer,15.7,low
75,51,187,low,8.2,medium,no,yes,yes,doctor,14.6,high
38,108,182,medium,6.4,medium,no,no,yes,driver,32.6,low
56,97,182,low,6.6,medium,no,no,no,office_worker,29.3,high
42,61,189,low,6.9,medium,yes,yes,yes,artist,17.1,high
72,70,173,low,6.3,low,no,no,no,office_worker,23.4,high
47,46,174,high,7.6,low,no,no,no,teacher,15.2,low
28,93,192,none,3.6,medium,no,no,no,student,25.2,high
23,83,153,medium,9.9,high,no,yes,no,teacher,35.5,high
31,82,172,low,6.1,low,no,no,yes,engineer,27.7,high
42,75,180,low,6.8,high,no,no,no,office_worker,23.1,low
46,70,186,medium,5.2,low,no,no,yes,farmer,20.2,low
23,100,157,high,5.2,medium,yes,no,yes,artist,40.6,high
63,56,173,low,9.2,low,no,yes,no,driver,18.7,high
37,90,175,high,5.7,medium,no,no,yes,artist,29.4,high
66,109,147,none,6.5,medium,no,no,yes,office_worker,50.4,high
78,76,160,none,7.8,low,no,no,yes,farmer,29.7,high
75,59,182,medium,5.2,medium,no,yes,no,doctor,17.8,high
50,45,149,medium,9.4,low,no,no,yes,driver,20.3,low
40,51,163,high,8.2,low,yes,yes,yes,teacher,19.2,high
27,65,177,none,8.2,medium,no,no,no,student,20.7,low
72,51,163,low,7.4,medium,yes,no,yes,artist,19.2,high
72,91,185,high,6.2,medium,no,yes,yes,driver,26.6,high
65,49,166,high,5.6,low,no,yes,no,teacher,17.8,high
33,76,170,high,8.0,medium,no,no,yes,doctor,26.3,low
37,48,155,medium,7.1,medium,yes,no,yes,farmer,20.0,low
34,107,163,none,6.3,low,no,no,yes,teacher,40.3,high
19,83,151,medium,8.8,low,yes,no,no,farmer,36.4,high
77,93,156,medium,7.3,medium,no,yes,yes,student,38.2,high
36,92,176,high,5.8,medium,no,no,no,engineer,29.7,high
73,59,186,high,7.9,medium,no,no,no,driver,17.1,low
50,52,154,none,8.7,medium,no,no,yes,engineer,21.9,low
55,61,193,low,6.9,medium,yes,yes,no,office_worker,16.4,high
27,46,148,low,7.2,medium,no,no,no,artist,21.0,low
43,107,158,medium,6.6,low,no,no,yes,student,42.9,low
23,71,188,high,6.1,medium,no,yes,yes,student,20.1,low
58,58,151,none,10.0,medium,no,no,no,teacher,25.4,high
33,90,153,high,5.6,medium,no,no,yes,engineer,38.4,high
30,73,187,medium,5.4,low,no,no,no,doctor,20.9,low
46,63,186,high,5.9,high,no,no,yes,student,18.2,low
45,100,195,medium,8.8,low,no,no,yes,artist,26.3,low
38,47,194,medium,4.8,high,no,yes,yes,doctor,12.5,high
77,62,198,medium,7.8,low,yes,no,no,doctor,15.8,high
31,106,199,medium,6.6,medium,no,no,yes,office_worker,26.8,low
21,75,188,low,10.0,medium,no,no,no,driver,21.2,low
51,73,195,medium,5.6,medium,yes,no,no,artist,19.2,high
33,64,181,high,6.3,low,no,yes,no,engineer,19.5,low
47,68,169,medium,7.3,high,no,no,no,farmer,23.8,low
66,106,170,low,8.0,low,no,no,yes,doctor,36.7,high
61,59,152,high,7.0,high,no,no,no,farmer,25.5,high
57,65,188,medium,7.8,high,no,no,yes,artist,18.4,high
35,83,170,high,6.5,medium,no,no,yes,teacher,28.7,low
64,86,156,low,7.8,low,no,no,no,farmer,35.3,high
68,107,150,medium,4.9,low,no,yes,yes,student,47.6,high
39,73,153,none,7.2,high,no,no,yes,office_worker,31.2,high
45,55,184,high,6.5,low,no,no,no,teacher,16.2,low
22,59,161,high,6.4,medium,no,no,yes,driver,22.8,low
49,87,173,medium,6.8,high,no,no,no,farmer,29.1,high
62,47,198,none,7.0,low,no,yes,no,artist,12.0,high
62,75,192,high,6.9,medium,yes,no,no,office_worker,20.3,high
71,57,166,medium,4.6,low,no,yes,no,engineer,20.7,high
45,102,197,none,7.4,medium,no,no,yes,office_worker,26.3,high
23,45,197,high,5.4,medium,no,no,no,engineer,11.6,low
40,61,169,medium,6.3,low,no,no,yes,student,21.4,low
25,95,189,low,6.2,low,no,no,yes,teacher,26.6,high
61,59,187,medium,8.1,low,no,no,yes,engineer,16.9,low
63,102,159,low,7.2,high,no,no,yes,doctor,40.3,high
53,78,165,medium,6.0,medium,no,no,yes,doctor,28.7,high
48,96,180,low,9.1,low,no,no,no,driver,29.6,high
64,86,183,high,7.6,low,no,no,yes,driver,25.7,high
64,65,179,medium,5.7,low,no,no,no,office_worker,20.3,high
28,48,197,high,8.7,medium,no,no,no,artist,12.4,low
53,79,164,low,9.0,low,no,yes,yes,farmer,29.4,high
39,106,182,high,5.7,medium,yes,yes,yes,student,32.0,high
77,109,173,high,6.4,medium,no,yes,no,driver,36.4,high
31,74,190,high,4.1,medium,no,no,yes,office_worker,20.5,low
55,94,164,high,4.9,medium,no,no,yes,engineer,34.9,high
30,76,180,medium,7.4,low,no,no,no,teacher,23.5,low
39,86,162,medium,5.8,medium,no,no,no,doctor,32.8,high
55,46,160,low,7.8,high,no,no,no,office_worker,18.0,high
59,55,172,high,7.9,medium,yes,no,no,office_worker,18.6,high
19,103,188,none,7.3,low,no,yes,yes,engineer,29.1,high
57,52,181,medium,5.3,medium,no,yes,yes,office_worker,15.9,high
22,45,164,high,6.9,low,no,no,yes,student,16.7,low
62,107,160,none,6.1,medium,no,no,no,farmer,41.8,high
34,106,185,medium,5.4,medium,no,no,no,doctor,31.0,high
46,109,185,medium,6.6,low,no,yes,no,doctor,31.8,high
75,47,161,medium,5.7,medium,no,yes,no,engineer,18.1,high
62,64,160,medium,6.1,medium,no,no,yes,engineer,25.0,low
46,83,148,medium,5.3,high,yes,no,no,engineer,37.9,high
55,105,182,high,7.8,medium,no,no,no,engineer,31.7,high
77,63,154,medium,5.7,low,no,no,no,student,26.6,high
62,49,196,high,6.9,medium,no,no,no,farmer,12.8,low
34,58,174,none,8.0,low,no,no,no,engineer,19.2,low
30,86,172,medium,7.8,medium,no,no,no,farmer,29.1,low
50,49,194,none,6.4,medium,no,no,yes,doctor,13.0,low
72,53,175,medium,8.0,high,no,no,yes,doctor,17.3,high
69,88,167,high,6.1,low,no,yes,no,student,31.6,high
45,98,192,none,4.8,medium,no,no,yes,teacher,26.6,high
50,100,164,none,6.2,low,no,yes,no,artist,37.2,high
28,47,168,high,6.2,medium,yes,no,yes,doctor,16.7,low
48,97,173,none,7.3,low,no,no,yes,teacher,32.4,high
36,87,180,low,7.1,low,no,no,no,doctor,26.9,high
37,61,164,low,7.5,high,no,yes,no,teacher,22.7,high
76,57,160,none,7.5,low,no,no,no,driver,22.3,high
43,56,176,high,8.7,high,no,no,yes,artist,18.1,low
59,60,151,low,7.4,high,no,no,yes,engineer,26.3,high
21,92,182,medium,8.2,low,no,no,no,student,27.8,low
66,91,151,low,6.2,high,no,no,yes,engineer,39.9,high
25,81,166,low,7.1,medium,no,no,no,farmer,29.4,high
28,68,194,medium,10.0,medium,no,yes,no,office_worker,18.1,low
29,48,153,medium,7.7,low,yes,no,yes,artist,20.5,low
59,64,150,none,8.5,high,no,yes,no,teacher,28.4,high
73,61,186,medium,6.7,low,no,no,no,student,17.6,low
45,81,199,medium,8.4,high,yes,yes,yes,teacher,20.5,high
26,74,163,medium,7.1,low,yes,no,yes,doctor,27.9,high
57,67,178,high,6.0,medium,no,no,no,engineer,21.1,low
70,66,152,high,5.7,medium,no,yes,no,doctor,28.6,high
45,67,187,medium,7.8,medium,no,no,yes,teacher,19.2,low
70,64,192,medium,5.7,medium,no,no,no,student,17.4,high
54,46,179,medium,7.3,high,no,no,no,office_worker,14.4,high
57,63,181,low,3.7,low,no,yes,yes,engineer,19.2,high
35,63,156,low,5.8,medium,no,no,no,artist,25.9,high
31,90,176,none,8.5,medium,no,no,yes,engineer,29.1,high
35,46,187,low,3.8,medium,no,no,yes,driver,13.2,low
33,67,160,none,6.8,medium,no,yes,no,farmer,26.2,high
75,77,179,low,5.5,low,no,no,no,artist,24.0,high
71,103,191,high,5.6,medium,yes,no,no,artist,28.2,high
46,78,191,medium,7.0,medium,no,no,no,engineer,21.4,low
23,108,169,medium,8.6,medium,no,no,yes,teacher,37.8,low
65,98,190,none,7.8,medium,yes,no,yes,office_worker,27.1,high
49,60,186,high,6.2,medium,yes,no,no,doctor,17.3,low
54,91,177,medium,5.8,high,yes,no,yes,engineer,29.0,high
37,93,194,medium,5.7,medium,no,yes,no,student,24.7,low
76,91,183,high,7.9,low,no,no,yes,teacher,27.2,high
52,67,192,high,9.1,high,no,no,yes,office_worker,18.2,high
51,48,178,high,9.4,medium,no,no,no,doctor,15.1,low
42,102,149,low,9.8,medium,no,no,yes,doctor,45.9,high
41,66,148,medium,8.6,low,no,yes,yes,engineer,30.1,high
21,53,193,medium,7.1,medium,no,no,no,student,14.2,low
47,46,161,medium,7.7,low,no,yes,yes,student,17.7,low
18,108,193,medium,4.5,low,no,no,yes,artist,29.0,high
62,57,183,high,8.3,medium,no,no,yes,farmer,17.0,low
67,90,153,none,8.4,medium,yes,no,yes,artist,38.4,high
48,73,164,high,7.1,medium,no,yes,yes,student,27.1,high
71,70,182,high,5.9,medium,yes,yes,yes,farmer,21.1,high
51,95,159,high,8.4,medium,yes,no,yes,doctor,37.6,high
30,71,153,medium,7.6,low,yes,yes,no,artist,30.3,high
35,107,182,none,7.6,medium,no,no,no,teacher,32.3,high
76,102,156,medium,5.8,low,no,no,yes,farmer,41.9,high
52,77,192,none,8.4,low,yes,no,yes,office_worker,20.9,high
39,90,166,medium,6.4,medium,no,yes,no,doctor,32.7,high
71,66,196,medium,6.8,low,no,no,yes,office_worker,17.2,low
51,101,170,low,7.2,high,no,no,yes,student,34.9,high
50,75,198,high,6.5,medium,no,no,yes,engineer,19.1,low
45,59,178,medium,7.7,medium,no,yes,no,teacher,18.6,low
66,77,157,medium,6.0,medium,yes,no,no,farmer,31.2,high
32,48,163,medium,6.6,medium,no,yes,yes,office_worker,18.1,low
67,105,148,low,9.7,medium,no,no,yes,student,47.9,high
76,86,198,medium,8.0,medium,no,yes,no,student,21.9,high
50,107,165,low,5.0,low,no,yes,yes,office_worker,39.3,high
50,67,196,none,6.9,medium,no,yes,yes,teacher,17.4,low
23,67,175,medium,7.7,medium,no,no,yes,office_worker,21.9,low
77,73,152,low,7.9,high,no,yes,yes,teacher,31.6,high
19,69,193,high,7.3,low,no,yes,yes,farmer,18.5,low
67,103,159,none,7.3,low,yes,yes,yes,student,40.7,high
51,77,163,high,6.2,medium,no,yes,yes,teacher,29.0,high
54,60,186,high,5.0,high,no,no,no,student,17.3,high
50,64,150,medium,6.4,low,no,no,yes,teacher,28.4,low
46,73,168,low,6.6,low,no,no,no,driver,25.9,high
73,108,192,medium,4.7,medium,no,yes,no,artist,29.3,high
50,66,160,medium,6.0,medium,yes,no,yes,engineer,25.8,high
79,98,165,medium,7.5,medium,no,no,yes,engineer,36.0,high
53,51,176,none,6.4,medium,no,no,no,office_worker,16.5,high
66,92,146,medium,10.0,high,no,yes,yes,teacher,43.2,high
47,57,194,low,7.8,high,no,no,yes,doctor,15.1,low
32,56,179,low,7.0,low,no,yes,yes,engineer,17.5,low
76,78,158,low,8.7,low,yes,no,yes,farmer,31.2,high
29,81,175,none,5.3,medium,yes,no,no,doctor,26.4,high
41,61,186,none,7.6,low,yes,no,yes,student,17.6,high
33,82,151,none,5.3,medium,no,yes,no,teacher,36.0,high
69,107,170,low,8.5,medium,no,no,yes,artist,37.0,high
64,67,156,medium,6.3,medium,yes,no,yes,artist,27.5,high
41,93,150,medium,7.4,medium,no,no,no,student,41.3,low
76,102,150,low,9.1,medium,no,yes,yes,artist,45.3,high
77,64,180,high,6.9,medium,no,no,no,student,19.8,low
76,99,163,high,9.1,medium,no,no,no,student,37.3,high
77,109,147,low,6.8,medium,no,no,yes,farmer,50.4,high
49,103,179,medium,5.5,medium,no,yes,yes,driver,32.1,high
73,59,192,high,4.4,low,no,no,no,driver,16.0,high
49,91,173,high,5.2,medium,no,no,no,teacher,30.4,high
50,71,157,low,8.8,low,no,no,yes,driver,28.8,high
79,92,157,low,8.5,medium,no,yes,yes,office_worker,37.3,high
52,108,160,medium,3.7,low,no,no,no,artist,42.2,high
67,66,145,medium,6.5,medium,no,no,yes,farmer,31.4,high
78,102,165,low,7.5,medium,yes,yes,yes,artist,37.5,high
24,50,148,high,7.0,medium,no,no,yes,doctor,22.8,low
25,60,199,high,5.9,medium,yes,no,no,driver,15.2,high
23,80,158,high,7.2,medium,no,no,yes,doctor,32.0,low
38,98,194,medium,8.4,medium,no,no,yes,driver,26.0,low
44,109,154,none,6.4,medium,yes,no,yes,artist,46.0,high
75,73,199,high,8.4,high,no,no,no,engineer,18.4,high
35,72,177,medium,8.5,medium,no,no,yes,office_worker,23.0,low
55,82,176,low,8.2,medium,yes,yes,yes,engineer,26.5,high
76,61,199,medium,7.6,medium,yes,yes,yes,doctor,15.4,high
45,61,193,high,8.4,medium,no,no,yes,artist,16.4,low
59,92,157,medium,5.6,medium,no,no,yes,office_worker,37.3,high
68,87,173,low,6.5,medium,yes,no,yes,student,29.1,high
65,101,191,none,6.4,low,no,yes,yes,driver,27.7,high
21,54,197,medium,5.6,high,no,no,no,office_worker,13.9,low
72,104,184,high,8.6,medium,no,no,yes,farmer,30.7,high
42,66,184,high,5.0,medium,no,yes,yes,office_worker,19.5,low
70,65,178,medium,6.8,medium,yes,yes,no,office_worker,20.5,high
54,50,193,medium,7.0,medium,yes,no,no,office_worker,13.4,high
50,71,176,high,7.3,low,no,no,yes,doctor,22.9,low
54,107,160,medium,9.1,high,no,no,yes,doctor,41.8,high
74,52,175,high,7.0,medium,yes,no,no,doctor,17.0,high
21,100,163,low,7.6,low,no,no,yes,teacher,37.6,high
47,64,174,medium,7.6,medium,yes,no,no,farmer,21.1,low
59,95,173,medium,7.0,low,no,yes,no,teacher,31.7,high
54,88,190,low,3.8,low,no,yes,no,student,24.4,high
28,106,182,medium,6.3,medium,no,yes,no,student,32.0,high
75,71,147,medium,8.3,medium,no,yes,yes,teacher,32.9,high
27,89,188,low,8.8,low,no,no,yes,teacher,25.2,high
39,78,167,medium,9.2,medium,yes,no,yes,driver,28.0,high
42,102,184,medium,5.5,high,no,no,yes,farmer,30.1,high
47,56,166,low,5.2,high,no,no,yes,office_worker,20.3,high
64,67,195,medium,7.2,low,no,no,yes,student,17.6,low
76,50,181,low,7.1,medium,yes,no,yes,doctor,15.3,high
77,90,170,medium,7.3,low,no,no,yes,farmer,31.1,high
43,86,176,medium,7.4,medium,no,no,yes,student,27.8,low
62,47,199,medium,9.1,medium,no,no,no,driver,11.9,low
68,109,154,high,6.0,low,no,yes,no,student,46.0,high
45,83,171,low,8.0,medium,no,no,no,teacher,28.4,high
66,64,196,none,8.1,medium,no,yes,yes,driver,16.7,high
74,63,194,high,8.3,medium,no,no,no,driver,16.7,low
26,95,150,high,5.7,medium,no,no,yes,student,42.2,high
32,89,169,high,8.6,medium,no,no,no,office_worker,31.2,low
55,54,190,low,4.7,low,no,no,yes,office_worker,15.0,high
26,88,174,none,9.1,low,no,no,no,artist,29.1,high
54,73,165,low,6.4,low,yes,no,no,doctor,26.8,high
69,83,194,high,4.5,low,no,yes,yes,office_worker,22.1,high
58,105,175,medium,6.1,low,yes,no,no,teacher,34.3,high
39,90,172,medium,6.8,medium,no,no,no,doctor,30.4,low
62,72,198,medium,8.7,medium,yes,no,no,engineer,18.4,high
41,99,181,low,4.8,medium,no,yes,yes,student,30.2,high
36,92,163,medium,4.4,low,no,no,no,teacher,34.6,high
44,100,160,high,8.4,medium,no,no,no,engineer,39.1,low
50,91,151,medium,7.6,medium,yes,yes,yes,doctor,39.9,high
19,97,197,low,5.7,medium,no,no,yes,farmer,25.0,low
20,59,181,low,7.0,high,no,no,no,driver,18.0,low
33,108,190,none,7.0,medium,yes,no,yes,student,29.9,high
64,85,167,low,7.6,high,yes,no,yes,teacher,30.5,high
40,97,161,medium,6.7,medium,no,no,yes,driver,37.4,low
42,75,187,medium,7.2,low,no,no,yes,driver,21.4,low
77,92,198,medium,3.6,low,no,no,yes,artist,23.5,high
67,64,173,medium,7.7,medium,no,no,no,engineer,21.4,low
50,68,152,medium,6.6,high,no,yes,no,driver,29.4,high
19,67,147,medium,6.7,medium,no,no,no,doctor,31.0,low
54,61,182,medium,9.8,high,no,yes,no,office_worker,18.4,high
74,74,174,none,7.3,low,no,no,no,student,24.4,high
41,52,149,low,7.1,medium,no,no,yes,artist,23.4,low
73,100,146,low,6.2,medium,no,no,no,student,46.9,high
70,73,194,medium,6.5,medium,no,no,no,artist,19.4,low
42,63,145,medium,9.2,medium,no,no,yes,teacher,30.0,low
39,86,183,low,7.4,low,no,no,yes,engineer,25.7,high
40,94,175,none,8.7,high,yes,no,yes,driver,30.7,high
43,92,177,low,5.7,low,yes,no,no,artist,29.4,high
44,54,171,high,5.8,medium,no,no,yes,farmer,18.5,low
41,76,145,low,6.3,medium,no,no,yes,student,36.1,high
26,71,153,high,7.0,high,yes,yes,no,teacher,30.3,high
64,79,146,none,7.0,medium,no,no,no,farmer,37.1,high
65,47,148,medium,5.6,medium,no,yes,yes,office_worker,21.5,high
56,95,197,low,8.4,medium,no,yes,yes,teacher,24.5,high
50,47,194,high,9.9,medium,no,no,yes,engineer,12.5,low
20,89,188,high,6.9,medium,no,no,no,artist,25.2,low
52,49,157,medium,5.1,low,no,no,yes,student,19.9,high
51,72,147,low,6.5,medium,yes,no,yes,teacher,33.3,high
64,60,155,low,6.1,medium,yes,yes,no,engineer,25.0,high
75,101,167,medium,8.0,medium,no,no,yes,driver,36.2,high
21,97,158,none,7.4,medium,no,no,yes,engineer,38.9,high
60,64,170,high,7.0,medium,no,no,no,office_worker,22.1,low
33,56,165,low,6.0,low,yes,yes,no,farmer,20.6,high
50,95,186,medium,6.2,high,no,yes,no,engineer,27.5,high
20,75,167,none,7.8,low,no,yes,no,driver,26.9,high
70,108,197,low,7.0,medium,no,no,no,doctor,27.8,high
21,72,160,none,8.2,medium,no,no,yes,office_worker,28.1,high
79,72,170,medium,6.1,medium,no,no,no,farmer,24.9,low
78,53,146,medium,4.6,high,no,no,no,artist,24.9,high
40,61,161,medium,7.8,low,no,no,yes,teacher,23.5,low
77,60,188,low,7.6,low,yes,no,yes,driver,17.0,high
63,61,177,medium,5.5,medium,no,no,yes,office_worker,19.5,high
48,48,156,medium,8.9,high,yes,no,yes,doctor,19.7,high
20,60,197,medium,9.1,medium,no,no,yes,farmer,15.5,low
64,96,165,medium,7.1,medium,no,no,yes,office_worker,35.3,high
21,68,150,high,6.5,medium,no,no,no,farmer,30.2,low
70,52,152,medium,7.1,medium,no,yes,yes,farmer,22.5,high
64,82,181,none,8.8,medium,no,no,no,student,25.0,high
18,105,195,medium,5.3,medium,no,no,no,farmer,27.6,high
68,89,152,medium,7.3,high,no,no,yes,office_worker,38.5,high
46,64,170,low,5.6,low,no,no,no,teacher,22.1,low
62,69,195,low,7.4,low,no,no,yes,artist,18.1,high
76,90,148,low,7.2,medium,no,no,no,student,41.1,high
52,107,168,none,6.4,medium,no,no,yes,driver,37.9,high
52,88,181,medium,5.5,medium,no,no,no,doctor,26.9,high
23,76,193,medium,8.7,medium,no,yes,no,student,20.4,low
76,92,181,medium,8.8,low,no,yes,yes,doctor,28.1,high
45,85,191,high,10.0,medium,no,no,no,teacher,23.3,low
56,69,189,high,9.3,medium,no,no,yes,farmer,19.3,low
60,107,162,none,6.8,medium,yes,no,no,farmer,40.8,high
37,45,181,medium,8.0,low,no,no,yes,artist,13.7,low
21,85,172,high,8.3,low,yes,yes,no,office_worker,28.7,high
29,61,180,medium,5.3,medium,no,yes,yes,student,18.8,low
70,102,170,low,8.8,medium,no,yes,no,farmer,35.3,high
40,83,159,high,6.5,high,no,no,no,office_worker,32.8,high
79,50,157,low,6.0,medium,no,no,yes,student,20.3,high
79,92,176,high,7.0,low,no,no,yes,engineer,29.7,high
37,79,160,medium,7.8,low,yes,no,yes,office_worker,30.9,high
74,99,160,high,5.4,low,no,yes,no,teacher,38.7,high
52,59,173,high,7.0,medium,no,yes,yes,office_worker,19.7,high
63,74,145,none,7.1,medium,no,yes,no,artist,35.2,high
58,78,190,medium,6.1,medium,no,no,no,student,21.6,low
52,68,189,medium,6.0,low,no,no,yes,student,19.0,high
33,95,186,medium,5.5,medium,yes,no,no,farmer,27.5,high
61,97,180,low,6.0,medium,no,no,no,driver,29.9,high
49,50,166,low,9.2,medium,no,no,yes,teacher,18.1,low
33,93,155,medium,7.3,low,no,no,yes,doctor,38.7,low
59,103,192,low,9.1,high,no,no,no,office_worker,27.9,high
50,96,195,medium,7.2,low,no,no,no,office_worker,25.2,low
75,95,167,high,8.8,medium,no,yes,yes,student,34.1,high
65,104,161,none,6.7,medium,no,no,yes,student,40.1,high
47,105,192,high,6.5,medium,no,no,no,farmer,28.5,low
43,54,162,medium,8.7,high,no,no,yes,engineer,20.6,low
40,107,145,high,7.3,high,no,no,no,office_worker,50.9,high
65,65,166,low,7.4,high,no,no,yes,driver,23.6,high
70,83,164,medium,5.6,medium,no,no,yes,student,30.9,high
29,56,192,none,8.3,high,yes,no,no,driver,15.2,high
21,63,176,medium,6.5,low,no,no,yes,student,20.3,low
53,102,189,medium,6.1,low,no,yes,no,student,28.6,high
41,86,163,high,6.7,low,yes,no,yes,teacher,32.4,high
58,74,164,none,7.2,medium,yes,no,yes,engineer,27.5,high
64,81,175,medium,8.5,medium,no,no,no,driver,26.4,high
64,95,169,low,7.5,medium,no,yes,yes,driver,33.3,high
61,85,180,medium,9.6,low,no,no,no,artist,26.2,high
28,98,185,medium,4.3,low,no,no,no,engineer,28.6,high
57,101,157,high,7.2,low,no,no,yes,farmer,41.0,high
43,53,154,none,8.3,low,no,no,no,office_worker,22.3,low
71,55,155,high,9.6,low,no,no,no,doctor,22.9,low
26,52,161,low,7.1,low,no,no,yes,artist,20.1,low
24,45,161,medium,5.6,high,no,yes,yes,teacher,17.4,high
35,75,145,medium,8.5,low,no,no,yes,artist,35.7,low
35,68,181,none,8.3,low,no,yes,no,driver,20.8,low
21,74,145,medium,10.0,low,no,yes,no,office_worker,35.2,high
25,90,187,medium,5.1,low,no,no,no,engineer,25.7,high
46,65,171,high,5.3,low,no,yes,yes,farmer,22.2,low
77,85,172,high,6.4,low,yes,no,no,doctor,28.7,high
78,89,166,medium,6.0,medium,no,no,no,engineer,32.3,high
29,49,165,low,7.7,high,no,no,no,teacher,18.0,low
72,63,161,low,7.3,medium,no,no,yes,teacher,24.3,high
47,65,183,none,5.5,medium,yes,yes,no,office_worker,19.4,high
23,85,161,low,5.6,medium,no,no,yes,engineer,32.8,high
42,108,176,medium,6.6,high,no,yes,no,doctor,34.9,high
76,85,191,low,7.4,high,no,no,yes,driver,23.3,high
44,92,171,medium,6.8,high,no,yes,yes,student,31.5,high
52,109,171,medium,5.6,low,no,yes,yes,farmer,37.3,high
79,105,198,medium,10.0,medium,no,no,yes,driver,26.8,high
57,92,165,high,8.9,high,no,no,yes,farmer,33.8,high
60,47,147,none,6.3,low,no,no,yes,teacher,21.8,high
49,100,168,low,6.3,medium,no,no,yes,office_worker,35.4,high
39,73,146,none,5.6,medium,no,no,no,doctor,34.2,high
50,70,154,low,5.8,medium,no,no,yes,doctor,29.5,high
72,97,171,none,7.0,low,no,no,no,driver,33.2,high
49,76,171,medium,6.3,low,no,no,no,teacher,26.0,low
63,63,169,high,9.9,low,no,no,yes,student,22.1,low
79,70,192,high,6.1,low,no,no,yes,student,19.0,low
47,56,161,medium,6.3,low,no,yes,no,office_worker,21.6,low
29,75,197,high,5.8,medium,no,no,yes,teacher,19.3,low
47,86,159,low,5.9,medium,yes,no,no,doctor,34.0,high
60,57,187,medium,6.8,medium,no,no,yes,student,16.3,low
60,85,160,medium,3.7,low,no,yes,no,doctor,33.2,high
57,53,152,medium,8.7,medium,no,no,no,office_worker,22.9,low
43,84,167,high,7.2,high,yes,no,no,engineer,30.1,high
56,82,198,none,5.0,high,no,no,yes,doctor,20.9,high
22,78,183,medium,6.7,high,no,no,no,office_worker,23.3,low
52,96,165,none,6.0,low,yes,no,no,doctor,35.3,high
19,97,157,medium,7.5,medium,no,no,yes,artist,39.4,low
77,55,160,medium,4.2,medium,no,no,yes,farmer,21.5,high
31,75,157,low,6.6,medium,no,no,yes,office_worker,30.4,high
53,101,190,low,9.6,medium,no,no,yes,driver,28.0,high
19,105,161,high,7.4,high,no,yes,yes,office_worker,40.5,high
30,107,199,medium,9.0,medium,no,no,yes,doctor,27.0,low
42,77,180,none,7.7,medium,no,no,yes,engineer,23.8,low
29,46,191,medium,6.7,medium,yes,no,yes,office_worker,12.6,low
21,106,156,high,8.7,low,no,yes,yes,student,43.6,high
26,105,165,medium,6.0,high,no,yes,no,driver,38.6,high
28,61,187,medium,7.3,low,no,no,yes,student,17.4,low
66,93,192,medium,7.6,medium,no,no,no,doctor,25.2,high
36,64,154,medium,8.2,medium,no,no,no,teacher,27.0,low
26,93,177,none,7.3,low,yes,yes,no,artist,29.7,high
20,56,175,high,7.0,low,no,no,yes,artist,18.3,low
71,81,182,medium,6.1,low,no,no,yes,teacher,24.5,low
62,60,151,medium,5.8,low,no,no,no,farmer,26.3,high
36,46,199,low,5.9,medium,no,no,yes,engineer,11.6,low
56,66,156,low,8.6,low,yes,no,no,engineer,27.1,high
52,107,171,medium,7.9,medium,no,no,yes,farmer,36.6,high
66,67,199,low,7.5,low,no,no,no,artist,16.9,high
77,88,151,low,8.1,medium,no,no,yes,student,38.6,high
38,101,177,low,6.3,medium,no,no,yes,student,32.2,high
62,65,158,medium,7.2,low,no,no,yes,student,26.0,high
38,106,185,medium,6.6,high,yes,no,yes,farmer,31.0,high
41,102,152,high,6.6,low,no,no,no,doctor,44.1,low
70,61,168,medium,6.1,medium,no,no,no,farmer,21.6,low
20,103,163,low,6.8,medium,no,no,no,engineer,38.8,high
65,86,191,low,8.0,medium,no,no,no,artist,23.6,high
45,58,152,high,7.7,low,no,yes,yes,student,25.1,high
31,101,151,medium,6.6,medium,no,no,yes,artist,44.3,low
53,77,182,medium,8.7,medium,no,no,no,doctor,23.2,low
74,46,175,low,7.2,medium,no,no,yes,farmer,15.0,high
46,58,195,high,9.0,medium,no,no,yes,office_worker,15.3,low
73,65,149,medium,3.5,medium,no,no,no,driver,29.3,high
37,89,186,medium,6.8,medium,no,no,yes,student,25.7,low
31,60,172,medium,6.5,medium,no,no,yes,farmer,20.3,low
27,60,168,medium,6.5,high,yes,no,yes,office_worker,21.3,high
66,56,153,medium,6.9,medium,yes,no,no,teacher,23.9,high
79,79,188,low,6.6,medium,no,no,yes,student,22.4,high
40,97,154,medium,5.9,high,yes,no,yes,teacher,40.9,high
62,104,169,high,5.8,medium,no,no,no,office_worker,36.4,high
69,98,158,high,7.6,medium,yes,no,yes,driver,39.3,high
30,76,183,medium,6.0,low,yes,no,yes,farmer,22.7,low
46,45,155,none,7.6,high,no,no,yes,student,18.7,low
72,64,196,medium,6.8,high,no,no,no,engineer,16.7,high
51,74,170,high,7.1,high,no,yes,yes,student,25.6,high
76,49,190,low,6.1,medium,no,no,no,office_worker,13.6,high
46,107,180,high,6.4,medium,no,no,yes,farmer,33.0,low
30,50,169,high,5.8,medium,no,no,no,engineer,17.5,low
73,52,195,high,4.4,low,no,no,yes,student,13.7,high
79,94,181,medium,7.8,medium,no,no,no,artist,28.7,high
36,94,171,medium,6.3,medium,no,yes,yes,teacher,32.1,high
25,88,189,none,8.6,low,no,no,yes,artist,24.6,low
79,83,197,high,5.6,low,no,yes,no,artist,21.4,high
25,68,168,low,5.5,high,no,no,no,office_worker,24.1,high
52,62,153,medium,7.2,low,no,no,yes,artist,26.5,high
39,83,172,none,5.6,low,yes,no,no,student,28.1,high
55,84,169,low,7.9,medium,no,no,yes,office_worker,29.4,high
24,78,185,high,6.8,high,no,no,yes,artist,22.8,low
77,68,145,medium,6.4,low,no,yes,yes,student,32.3,high
45,61,185,medium,6.5,medium,no,yes,yes,engineer,17.8,low
19,85,179,medium,5.7,low,yes,no,no,engineer,26.5,high
67,87,159,medium,5.6,high,no,no,yes,student,34.4,high
21,88,162,none,6.1,low,no,no,no,office_worker,33.5,high
35,109,183,none,5.9,high,no,no,no,office_worker,32.5,high
59,99,161,low,6.9,high,no,no,no,student,38.2,high
64,106,168,high,7.6,medium,yes,yes,no,artist,37.6,high
41,53,163,low,5.2,medium,no,no,yes,doctor,19.9,low
57,103,151,medium,7.0,low,no,yes,yes,artist,45.2,high
39,99,159,medium,8.9,low,no,no,no,driver,39.2,low
40,73,151,low,9.6,medium,no,no,yes,doctor,32.0,high
33,52,178,medium,5.3,low,no,no,yes,teacher,16.4,low
43,82,148,high,7.5,medium,no,yes,no,farmer,37.4,high
35,93,165,medium,9.0,medium,no,no,no,doctor,34.2,low
39,83,183,medium,7.6,medium,no,yes,yes,driver,24.8,low
79,94,172,low,6.2,medium,yes,no,no,engineer,31.8,high
68,97,188,low,4.7,medium,yes,no,yes,doctor,27.4,high
31,107,173,medium,4.9,low,no,no,yes,teacher,35.8,high
38,47,151,low,5.6,medium,no,no,no,teacher,20.6,low
54,80,153,medium,5.0,medium,no,no,no,engineer,34.2,high
64,104,169,medium,8.3,low,no,no,no,farmer,36.4,high
43,82,151,none,6.1,low,no,no,yes,office_worker,36.0,high
18,52,149,none,6.1,high,no,no,yes,driver,23.4,low
22,73,158,none,5.4,medium,yes,no,yes,doctor,29.2,high
73,71,157,medium,6.8,low,no,no,yes,driver,28.8,high
56,77,179,none,6.4,high,no,no,yes,teacher,24.0,high
69,60,169,medium,10.0,low,no,yes,no,driver,21.0,high
58,107,152,low,8.1,low,no,no,no,doctor,46.3,high
52,100,157,none,8.1,low,no,yes,no,farmer,40.6,high
27,55,166,none,6.4,medium,no,no,yes,farmer,20.0,low
25,89,162,high,5.2,low,no,no,yes,office_worker,33.9,high
50,75,173,high,6.0,medium,no,yes,yes,driver,25.1,high
76,104,149,high,9.1,medium,no,no,no,farmer,46.8,high
21,80,151,medium,6.8,low,no,no,no,engineer,35.1,low
65,104,146,medium,8.7,low,no,no,yes,engineer,48.8,high
23,102,148,low,9.9,low,no,no,no,office_worker,46.6,high
27,92,158,medium,6.9,low,yes,no,no,doctor,36.9,high
40,54,192,medium,5.0,medium,yes,no,yes,driver,14.6,high
76,57,171,high,7.0,low,no,yes,yes,artist,19.5,high
74,74,194,low,7.2,high,no,no,yes,teacher,19.7,high
68,105,167,none,5.6,high,no,no,yes,office_worker,37.6,high
53,80,151,low,5.1,high,yes,no,yes,driver,35.1,high
37,65,194,low,8.0,high,no,yes,no,driver,17.3,high
45,82,150,high,6.7,low,no,yes,yes,engineer,36.4,high
78,80,170,medium,10.0,medium,no,yes,yes,teacher,27.7,high
49,108,184,none,7.1,medium,yes,no,no,engineer,31.9,high
62,104,179,low,4.9,medium,no,no,no,student,32.5,high
70,95,174,medium,6.9,medium,yes,no,yes,driver,31.4,high
28,50,151,none,7.6,low,no,no,no,office_worker,21.9,low
40,65,159,medium,7.0,high,no,no,yes,teacher,25.7,high
49,69,195,high,9.1,high,no,no,yes,office_worker,18.1,low
72,73,164,medium,10.0,low,no,no,no,office_worker,27.1,high
47,56,167,medium,6.5,medium,no,no,no,farmer,20.1,low
18,98,189,medium,7.9,low,no,yes,yes,student,27.4,high
51,71,164,low,7.9,medium,no,no,yes,driver,26.4,high
62,83,165,medium,6.1,medium,no,no,yes,office_worker,30.5,high
33,61,192,high,7.3,low,no,no,yes,driver,16.5,low
73,95,183,high,5.1,medium,yes,no,yes,student,28.4,high
52,64,183,low,8.2,high,no,yes,yes,farmer,19.1,high
44,98,154,high,6.7,medium,yes,yes,no,farmer,41.3,high
30,87,179,low,8.8,low,no,yes,yes,office_worker,27.2,high
66,77,183,low,8.0,medium,no,no,yes,student,23.0,high
37,88,199,low,8.0,low,no,yes,yes,artist,22.2,low
40,102,151,low,7.4,medium,yes,no,no,doctor,44.7,high
23,53,152,high,6.1,medium,no,no,yes,office_worker,22.9,low
41,102,182,medium,8.3,low,no,no,yes,artist,30.8,low
73,89,192,high,8.4,medium,no,no,yes,office_worker,24.1,low
32,90,166,medium,7.6,high,no,no,yes,driver,32.7,high
44,102,159,low,7.1,high,yes,yes,no,teacher,40.3,high
59,73,191,medium,6.5,medium,no,no,yes,teacher,20.0,low
53,68,186,high,9.8,medium,yes,no,no,office_worker,19.7,high
69,50,189,medium,7.3,medium,no,no,yes,office_worker,14.0,low
45,103,153,medium,9.1,low,no,no,yes,farmer,44.0,low
41,101,197,low,7.2,medium,no,no,no,office_worker,26.0,high
50,59,164,low,6.6,low,no,no,yes,farmer,21.9,low
62,92,160,low,6.6,medium,no,no,yes,artist,35.9,high
41,61,199,low,7.5,medium,no,yes,yes,student,15.4,low
61,99,165,low,5.2,medium,no,no,yes,office_worker,36.4,high
55,98,153,medium,7.3,medium,no,yes,no,artist,41.9,high
19,99,154,low,6.8,low,yes,yes,yes,farmer,41.7,high
39,85,149,low,8.5,medium,no,no,no,engineer,38.3,high
68,48,178,medium,5.0,high,no,no,yes,farmer,15.1,high
26,97,184,medium,9.1,low,no,yes,yes,engineer,28.7,high
50,96,197,none,7.9,low,yes,yes,yes,doctor,24.7,high
58,72,162,medium,9.1,low,no,no,yes,driver,27.4,high
58,63,193,medium,7.7,high,no,no,no,farmer,16.9,high
44,96,171,medium,4.2,low,no,no,no,farmer,32.8,high
52,86,150,medium,5.8,low,no,no,yes,doctor,38.2,high
41,46,181,medium,6.0,medium,yes,yes,no,driver,14.0,high
60,53,181,low,5.9,low,no,no,no,student,16.2,high
58,45,171,high,6.5,medium,no,no,no,farmer,15.4,low
22,87,195,medium,7.5,medium,no,no,yes,student,22.9,low
40,90,188,low,4.6,low,no,yes,yes,driver,25.5,high
42,48,179,none,7.8,medium,no,no,yes,artist,15.0,low
39,94,151,medium,7.1,medium,no,no,no,artist,41.2,low
25,105,145,medium,7.1,medium,no,no,no,teacher,49.9,low
60,91,174,low,8.0,medium,no,no,yes,farmer,30.1,high
26,99,159,none,7.5,low,no,no,no,artist,39.2,high
48,64,154,high,6.9,medium,no,no,yes,student,27.0,low
33,71,154,medium,8.6,medium,no,no,yes,engineer,29.9,low
37,97,150,high,7.6,medium,no,yes,yes,office_worker,43.1,high
53,68,145,medium,4.6,medium,yes,no,no,office_worker,32.3,high
42,98,160,medium,9.5,low,no,yes,no,farmer,38.3,high
31,109,182,medium,5.5,low,yes,no,yes,doctor,32.9,high
67,67,160,none,8.8,medium,no,yes,yes,engineer,26.2,high
64,71,197,low,7.0,high,no,yes,no,farmer,18.3,high
75,51,170,medium,5.4,medium,yes,no,yes,driver,17.6,high
77,50,186,medium,7.7,low,yes,no,yes,engineer,14.5,high
28,58,148,low,4.2,low,no,no,yes,office_worker,26.5,high
61,66,145,medium,8.1,high,no,no,yes,doctor,31.4,high
21,81,162,medium,6.6,medium,no,no,no,office_worker,30.9,low
71,82,166,medium,7.8,low,no,yes,no,engineer,29.8,high
34,76,179,none,6.3,medium,yes,no,yes,artist,23.7,high
63,75,160,low,5.4,medium,no,no,yes,farmer,29.3,high
51,93,171,medium,8.5,medium,yes,yes,yes,artist,31.8,high
52,93,172,medium,7.3,medium,no,no,yes,artist,31.4,high
39,57,173,medium,7.9,medium,yes,yes,yes,student,19.0,high
46,95,150,high,7.3,medium,no,yes,no,student,42.2,high
18,93,149,medium,6.7,high,yes,yes,yes,doctor,41.9,high
19,86,195,low,5.6,high,no,yes,yes,artist,22.6,high
46,56,151,low,8.0,medium,yes,no,no,teacher,24.6,high
26,91,151,none,6.6,low,no,yes,no,artist,39.9,high
30,88,151,medium,6.7,low,no,no,yes,driver,38.6,low
30,78,184,low,8.9,high,no,no,no,office_worker,23.0,low
64,84,174,medium,10.0,medium,no,no,yes,teacher,27.7,high
44,88,167,low,9.3,medium,yes,no,no,engineer,31.6,high
33,97,148,low,6.2,high,no,no,yes,doctor,44.3,high
26,62,195,high,9.0,medium,yes,no,yes,engineer,16.3,low
19,47,164,high,3.9,low,no,yes,no,driver,17.5,low
56,64,151,none,7.1,medium,no,no,no,farmer,28.1,high
78,49,167,high,6.8,low,no,no,no,driver,17.6,low
79,105,158,medium,6.7,medium,no,no,no,driver,42.1,high
60,57,146,low,5.2,low,no,no,no,driver,26.7,high
36,101,184,none,6.6,medium,no,no,yes,doctor,29.8,high
73,65,182,low,6.1,medium,no,yes,no,student,19.6,high
38,50,150,none,9.1,high,yes,no,no,engineer,22.2,high
18,56,147,none,7.4,high,no,yes,no,engineer,25.9,high
66,49,162,medium,7.6,medium,no,no,yes,driver,18.7,low
74,69,174,low,5.4,medium,no,no,yes,student,22.8,high
75,106,160,none,7.1,medium,no,no,no,student,41.4,high
56,69,188,medium,7.2,medium,no,no,no,driver,19.5,low
38,88,178,none,4.6,high,no,no,no,office_worker,27.8,high
34,109,148,medium,9.9,medium,no,no,yes,doctor,49.8,low
28,87,174,medium,6.2,low,no,no,yes,farmer,28.7,low
41,103,157,medium,8.3,low,yes,no,no,driver,41.8,high
43,52,159,medium,8.4,medium,no,no,yes,teacher,20.6,low
74,58,174,none,6.0,low,yes,no,yes,teacher,19.2,high
76,106,153,medium,4.1,medium,no,yes,yes,doctor,45.3,high
37,54,181,medium,7.7,high,no,yes,yes,doctor,16.5,low
24,88,176,low,7.6,low,no,no,yes,driver,28.4,high
38,66,158,low,7.5,medium,no,no,no,student,26.4,high
57,106,185,medium,5.5,medium,no,no,no,teacher,31.0,high
39,68,189,medium,3.7,high,no,no,yes,driver,19.0,low
27,106,155,low,6.4,medium,no,no,yes,artist,44.1,high
56,88,161,none,9.4,low,yes,no,no,driver,33.9,high
41,83,147,low,5.4,low,no,no,yes,engineer,38.4,high
51,99,180,none,8.9,low,no,no,no,driver,30.6,high
46,86,191,none,5.7,medium,no,yes,yes,teacher,23.6,high
43,94,186,high,5.1,high,no,no,yes,farmer,27.2,high
72,100,190,low,7.3,low,no,no,yes,farmer,27.7,high
30,104,150,low,5.3,medium,no,no,yes,student,46.2,high
43,53,164,none,9.2,low,no,yes,no,office_worker,19.7,low
51,91,145,low,6.7,low,no,no,yes,doctor,43.3,high
58,83,150,none,8.1,low,no,no,no,engineer,36.9,high
79,71,176,none,6.4,high,yes,no,no,artist,22.9,high
28,52,159,high,9.3,low,no,no,no,artist,20.6,low
22,105,198,none,7.2,medium,no,no,no,office_worker,26.8,high
36,78,165,low,6.4,medium,no,no,yes,farmer,28.7,high
45,96,179,high,9.7,low,no,no,yes,farmer,30.0,low
27,99,158,medium,6.1,low,no,no,yes,artist,39.7,low
72,109,155,none,5.6,medium,no,no,yes,teacher,45.4,high
22,61,189,low,5.3,medium,no,yes,yes,farmer,17.1,high
42,90,166,high,6.1,high,no,no,yes,office_worker,32.7,high
71,82,177,high,7.9,medium,no,no,yes,artist,26.2,high
43,61,181,low,6.7,high,no,yes,no,teacher,18.6,high
65,47,169,high,3.6,low,no,no,yes,engineer,16.5,high
59,76,158,medium,6.2,medium,yes,no,no,teacher,30.4,high
18,103,183,medium,4.5,high,yes,no,yes,student,30.8,high
38,76,165,medium,7.2,low,no,yes,yes,engineer,27.9,high
55,50,196,none,4.5,high,no,no,yes,teacher,13.0,high
75,46,197,low,7.7,medium,yes,no,yes,student,11.9,high
60,77,191,medium,8.9,low,no,yes,yes,teacher,21.1,high
51,85,171,medium,6.5,medium,yes,yes,no,artist,29.1,high
64,69,166,high,8.2,low,no,no,yes,driver,25.0,high
47,96,160,low,7.8,high,yes,no,no,driver,37.5,high
20,81,181,low,5.2,high,no,no,yes,teacher,24.7,high
79,93,150,medium,7.1,high,no,no,yes,teacher,41.3,high
35,55,157,low,8.7,low,no,yes,yes,student,22.3,low
67,74,169,high,7.1,medium,no,yes,yes,student,25.9,high
54,86,195,low,6.0,low,no,no,yes,driver,22.6,high
70,58,170,none,6.4,medium,no,no,no,office_worker,20.1,high
68,91,167,medium,8.3,medium,yes,no,no,farmer,32.6,high
39,85,162,none,8.7,medium,no,no,yes,teacher,32.4,high
50,108,196,medium,6.8,high,no,no,no,engineer,28.1,high
75,50,184,medium,7.0,medium,no,no,yes,engineer,14.8,low
65,52,145,medium,4.5,medium,no,no,yes,student,24.7,high
62,67,187,none,5.4,high,no,no,yes,farmer,19.2,high
66,72,165,medium,5.9,medium,yes,yes,no,farmer,26.4,high
66,55,162,none,7.0,medium,yes,yes,yes,driver,21.0,high
22,73,185,high,8.1,medium,yes,no,yes,engineer,21.3,low
44,59,196,medium,6.0,high,no,yes,yes,teacher,15.4,high
28,87,167,low,3.6,high,no,no,yes,driver,31.2,high
43,84,145,medium,6.4,low,no,yes,yes,doctor,40.0,high
28,98,184,medium,6.7,low,no,yes,no,teacher,28.9,high
45,65,151,medium,4.8,high,yes,no,yes,engineer,28.5,high
33,77,184,none,4.5,medium,no,no,yes,student,22.7,low
27,102,188,none,6.4,medium,yes,no,yes,driver,28.9,high
31,75,195,none,6.4,medium,yes,no,no,office_worker,19.7,high
78,92,182,high,5.9,medium,no,no,no,engineer,27.8,high
34,79,147,high,6.3,medium,no,yes,yes,teacher,36.6,high
43,52,178,low,6.0,medium,no,no,no,student,16.4,low
62,101,185,medium,8.9,high,no,no,yes,office_worker,29.5,high
50,75,166,high,8.1,low,no,no,no,teacher,27.2,low
56,57,188,medium,7.0,medium,no,no,no,artist,16.1,low
29,72,168,medium,5.4,medium,no,yes,no,teacher,25.5,high
41,46,197,low,8.7,medium,no,no,no,farmer,11.9,low
32,98,150,medium,7.2,high,yes,no,yes,office_worker,43.6,high
43,96,176,high,6.3,medium,no,no,no,engineer,31.0,low
66,57,160,medium,7.2,high,yes,no,yes,farmer,22.3,high
79,105,189,medium,4.3,high,no,no,yes,teacher,29.4,high
78,79,157,medium,8.3,medium,no,no,yes,farmer,32.0,high
61,99,155,high,5.6,low,no,no,no,farmer,41.2,high
40,98,184,low,6.0,low,no,no,yes,farmer,28.9,high
36,54,185,low,8.0,low,no,no,no,artist,15.8,low
32,92,156,high,7.8,low,no,no,no,teacher,37.8,low
54,75,171,high,6.0,low,no,yes,no,farmer,25.6,high
56,77,171,none,9.0,medium,no,yes,no,engineer,26.3,high
43,101,189,none,8.2,medium,no,yes,no,teacher,28.3,high
47,46,150,medium,9.1,medium,no,no,no,artist,20.4,low
66,102,192,low,6.7,medium,no,no,no,student,27.7,high
20,68,151,medium,8.5,low,no,no,no,engineer,29.8,low
34,84,164,none,9.4,high,yes,yes,yes,driver,31.2,high
72,69,161,medium,5.2,high,yes,yes,yes,engineer,26.6,high
78,92,169,low,6.8,medium,no,no,no,student,32.2,high
18,69,152,medium,7.3,high,no,no,yes,engineer,29.9,high
56,99,197,high,6.1,medium,yes,no,no,office_worker,25.5,high
63,99,146,low,7.9,low,no,no,yes,teacher,46.4,high
20,49,167,high,8.0,medium,no,yes,no,driver,17.6,low
64,82,185,medium,9.1,medium,yes,no,yes,farmer,24.0,high
72,59,168,medium,7.8,high,no,no,yes,driver,20.9,high
35,91,156,medium,6.9,high,yes,no,no,artist,37.4,high
20,56,165,none,8.1,high,no,no,yes,teacher,20.6,low
32,60,166,medium,7.1,high,no,no,no,artist,21.8,low
34,99,198,medium,5.1,low,no,yes,yes,artist,25.3,high
26,58,157,none,8.3,medium,no,yes,yes,student,23.5,low
62,60,146,medium,6.6,low,no,yes,yes,teacher,28.1,high
53,103,192,none,5.0,medium,no,yes,no,artist,27.9,high
62,63,173,medium,7.7,low,no,no,no,doctor,21.0,low
38,53,185,low,7.1,low,no,no,yes,farmer,15.5,low
22,95,167,low,3.7,high,no,no,yes,driver,34.1,high
58,88,164,high,6.6,low,no,yes,no,office_worker,32.7,high
58,53,157,high,6.5,medium,no,yes,no,artist,21.5,high
58,83,194,none,4.9,low,yes,no,yes,driver,22.1,high
45,61,165,high,6.3,low,yes,yes,yes,doctor,22.4,high
53,91,150,medium,6.8,medium,no,no,no,driver,40.4,high
79,84,171,low,8.1,medium,no,no,yes,farmer,28.7,high
69,65,171,medium,8.6,low,no,no,yes,doctor,22.2,low
71,46,158,none,8.5,low,no,no,no,teacher,18.4,high
58,99,166,medium,7.4,high,no,yes,no,farmer,35.9,high
54,47,195,high,7.7,high,no,no,yes,farmer,12.4,high
70,69,172,medium,7.6,high,no,yes,yes,farmer,23.3,high
69,81,187,high,5.1,low,no,no,no,driver,23.2,high
56,50,169,low,7.5,low,no,yes,yes,doctor,17.5,high
28,85,161,high,4.8,medium,no,no,yes,engineer,32.8,high
61,63,162,medium,7.9,medium,no,no,yes,artist,24.0,low
67,100,147,medium,5.5,medium,no,no,no,farmer,46.3,high
66,108,160,medium,3.9,low,yes,no,yes,student,42.2,high
45,84,187,medium,5.4,medium,no,no,yes,farmer,24.0,low
69,60,179,low,6.1,high,no,no,yes,teacher,18.7,high
36,104,192,low,7.9,medium,no,no,yes,office_worker,28.2,high
49,51,185,medium,6.6,medium,no,no,yes,office_worker,14.9,low
38,93,189,none,7.3,medium,yes,no,no,artist,26.0,high
39,45,156,none,6.4,high,no,no,yes,engineer,18.5,low
33,83,189,high,8.3,low,no,no,no,farmer,23.2,low
72,76,176,low,6.7,medium,no,no,no,driver,24.5,high
19,103,173,low,6.6,medium,yes,yes,no,engineer,34.4,high
60,105,152,high,7.9,low,no,no,no,driver,45.4,high
63,46,170,low,8.9,low,no,no,no,teacher,15.9,high
75,91,160,none,8.1,low,no,no,yes,doctor,35.5,high
27,50,196,low,7.6,medium,yes,yes,yes,student,13.0,high
33,47,190,medium,7.1,high,no,no,yes,office_worker,13.0,low
47,82,153,medium,8.0,medium,no,no,no,student,35.0,low
20,46,192,low,9.0,low,no,no,yes,doctor,12.5,low
59,98,173,low,5.8,high,yes,no,no,office_worker,32.7,high
60,64,184,none,8.8,medium,no,yes,yes,office_worker,18.9,high
39,85,160,high,5.9,high,no,no,no,office_worker,33.2,high
20,68,187,high,7.0,medium,no,no,yes,farmer,19.4,low
24,95,189,low,4.1,medium,no,yes,no,engineer,26.6,high
55,103,190,medium,4.8,low,no,no,yes,artist,28.5,high
74,66,186,medium,7.9,low,yes,no,no,engineer,19.1,high
49,88,146,medium,7.3,medium,no,no,yes,driver,41.3,low
31,57,193,medium,9.0,high,no,no,yes,teacher,15.3,low
65,106,189,none,6.6,high,no,no,no,artist,29.7,high
67,64,159,none,7.0,high,no,yes,yes,student,25.3,high
66,51,146,medium,6.5,medium,no,no,no,artist,23.9,low
62,91,170,low,6.7,low,yes,no,yes,farmer,31.5,high
18,89,198,none,7.0,low,no,no,no,doctor,22.7,low
39,94,180,medium,8.0,medium,no,no,no,student,29.0,low
79,77,189,medium,7.4,high,no,no,yes,driver,21.6,high
56,49,160,low,8.3,medium,no,no,yes,artist,19.1,high
50,61,182,medium,8.8,high,no,no,no,student,18.4,low
48,109,162,medium,7.0,high,yes,no,yes,driver,41.5,high
61,54,196,medium,7.8,medium,no,no,yes,student,14.1,low
51,106,165,medium,8.9,high,no,no,no,farmer,38.9,high
18,60,179,high,8.1,medium,no,yes,yes,doctor,18.7,low
55,92,169,medium,6.5,high,yes,no,yes,student,32.2,high
68,59,184,high,8.6,low,no,no,yes,teacher,17.4,low
47,59,188,medium,6.1,high,no,no,yes,teacher,16.7,low
56,101,174,low,8.8,high,no,no,yes,engineer,33.4,high
69,94,174,low,9.6,high,no,no,yes,office_worker,31.0,high
29,52,173,high,8.4,low,no,no,yes,teacher,17.4,low
73,64,169,low,5.7,medium,no,yes,yes,office_worker,22.4,high
23,68,167,medium,7.8,low,no,no,yes,doctor,24.4,low
67,65,190,medium,8.7,high,no,yes,yes,artist,18.0,high
65,95,165,high,4.8,low,no,no,no,engineer,34.9,high
63,104,188,medium,9.5,medium,no,no,no,doctor,29.4,high
59,52,176,high,7.4,medium,no,no,yes,engineer,16.8,low
38,64,197,low,6.0,medium,no,no,yes,engineer,16.5,low
58,76,188,medium,4.2,medium,no,no,yes,office_worker,21.5,high
54,100,183,high,6.1,low,yes,no,no,driver,29.9,high
26,81,170,medium,4.3,medium,yes,no,no,artist,28.0,high
73,66,166,medium,9.7,high,no,no,yes,doctor,24.0,high
34,76,185,high,4.8,medium,yes,no,yes,office_worker,22.2,high
61,83,185,medium,5.9,low,no,no,yes,office_worker,24.3,high
46,86,175,medium,8.2,medium,no,yes,yes,office_worker,28.1,high
35,72,172,high,9.2,low,no,no,yes,farmer,24.3,low
52,51,150,none,9.6,low,yes,no,no,driver,22.7,high
50,92,168,low,6.4,medium,no,yes,yes,farmer,32.6,high
41,81,175,low,7.6,high,no,no,no,teacher,26.4,high
72,75,175,medium,7.6,medium,no,no,yes,engineer,24.5,low
78,74,147,medium,6.2,low,no,no,yes,artist,34.2,high
69,77,181,low,8.3,medium,no,yes,yes,farmer,23.5,high
57,73,182,none,4.6,high,no,no,yes,engineer,22.0,high
71,73,199,low,4.9,medium,no,no,no,artist,18.4,high
37,104,159,none,9.0,low,no,no,yes,farmer,41.1,high
53,56,198,medium,6.9,medium,no,no,yes,artist,14.3,low
18,72,156,low,8.0,medium,no,no,no,student,29.6,high
37,93,188,medium,5.6,medium,no,no,yes,office_worker,26.3,high
46,93,163,high,7.7,high,yes,no,yes,student,35.0,high
64,100,177,low,7.9,low,no,yes,no,student,31.9,high
27,87,175,low,8.1,low,yes,no,yes,student,28.4,high
39,91,145,none,7.1,medium,no,no,no,farmer,43.3,high
75,99,194,medium,6.8,high,no,yes,no,office_worker,26.3,high
33,108,169,low,6.0,low,yes,no,yes,office_worker,37.8,high
46,105,179,medium,7.4,low,no,yes,yes,doctor,32.8,high
50,68,157,none,7.7,medium,yes,no,yes,student,27.6,high
29,48,150,medium,4.4,low,no,yes,no,driver,21.3,low
49,108,159,low,7.2,high,no,no,yes,teacher,42.7,high
62,106,163,medium,7.6,medium,no,yes,yes,student,39.9,high
56,49,163,low,6.2,medium,no,no,yes,driver,18.4,high
40,66,192,none,5.0,low,no,yes,yes,doctor,17.9,high
38,62,167,low,7.8,high,no,no,yes,office_worker,22.2,low
25,77,160,low,7.8,medium,no,no,yes,farmer,30.1,high
58,72,197,medium,7.7,medium,yes,yes,no,doctor,18.6,high
30,55,147,low,8.9,low,no,no,yes,artist,25.5,high
65,81,151,medium,7.0,low,no,no,no,farmer,35.5,high
56,87,158,low,7.0,medium,yes,no,no,doctor,34.9,high
35,80,150,high,5.8,low,yes,no,yes,teacher,35.6,high
66,64,152,none,5.0,medium,yes,yes,yes,engineer,27.7,high
73,86,184,medium,7.8,high,no,yes,no,teacher,25.4,high
31,88,198,none,7.5,low,no,no,no,teacher,22.4,low
19,52,196,high,5.3,medium,yes,no,no,engineer,13.5,high
52,50,188,medium,7.1,high,no,yes,yes,student,14.1,high
23,79,156,high,9.3,medium,no,no,no,artist,32.5,low
65,84,164,none,7.9,high,no,no,yes,artist,31.2,high
42,47,198,medium,5.5,low,no,no,yes,artist,12.0,low
72,77,180,medium,5.4,high,no,no,yes,driver,23.8,high
76,78,163,medium,6.7,high,no,no,yes,artist,29.4,high
41,90,156,medium,7.6,medium,no,no,yes,student,37.0,low
20,102,173,low,4.2,low,no,yes,yes,farmer,34.1,high
61,98,194,high,9.2,high,yes,no,no,student,26.0,high
74,109,161,medium,7.1,medium,no,yes,no,driver,42.1,high
28,50,157,none,7.7,low,no,yes,no,engineer,20.3,low
78,98,180,low,7.9,medium,no,no,yes,farmer,30.2,high
39,103,168,high,5.9,medium,no,no,no,student,36.5,high
25,101,158,high,3.7,high,no,no,yes,teacher,40.5,high
40,54,184,low,8.8,low,no,no,yes,student,15.9,low
68,49,158,none,6.0,medium,no,yes,yes,student,19.6,high
62,105,193,low,3.7,high,no,yes,yes,office_worker,28.2,high
31,90,178,medium,9.5,medium,yes,no,no,artist,28.4,high
29,100,151,none,5.8,high,no,no,yes,office_worker,43.9,high
69,50,154,low,5.3,low,no,no,no,farmer,21.1,high
74,80,183,low,3.5,medium,no,no,yes,farmer,23.9,high
71,78,173,medium,5.3,low,no,yes,no,farmer,26.1,high
23,52,152,high,9.5,low,yes,no,yes,farmer,22.5,low
35,81,164,none,6.5,low,no,no,no,driver,30.1,high
35,76,191,medium,5.9,high,no,yes,yes,driver,20.8,high
19,60,186,low,10.0,medium,yes,no,no,office_worker,17.3,high
76,74,174,medium,8.2,high,yes,yes,yes,farmer,24.4,high
34,67,158,low,8.6,medium,no,no,yes,driver,26.8,high
